ADDRESS, LONDON_BALANCE, GIFT_BALANCE, AIRDROP_BALANCE, EMBERS_AIRDROPPED 
0x8e63e4376dde62cb82f5a91c4bce4156457dedb1, 1594157.895571290035257723, 59, 2184157.895571290035257723, 16 
0x7c849375786fae5e4984f50eea47360d75660a31, 1286169.999179945339281621, 0, 1286169.999179945339281621, 16 
0x96804a3758bed8b134cd0bab838ac5b0c599c6ba, 1008848.353216096649060137, 4, 1048848.353216096649060137, 16 
0xa9cdf0542a1128c5caca1e81521a09aec8abe1a7, 922976.558214707513843134, 2, 942976.558214707513843134, 16 
0x035e8a0a57f24fd10d447c6ce44524513dd6e09c, 859122.609, 0, 859122.609, 16 
0x6887444a5b74b746f56ae08952f4e1b404ff7ca5, 559659.312459088593713085, 0, 559659.312459088593713085, 16 
0xe502f5caa229ccb9ad1069790b04492175d34888, 555443.230217498778643164, 0, 555443.230217498778643164, 16 
0x31e99699bccde902afc7c4b6b23bb322b8459d22, 500999.088, 1, 510999.088, 16 
0x71ca40234bee18f961fa865e93cc146039d813f4, 490000.0, 0, 490000.0, 16 
0xe897b204724507573b87d7a6c1e822382bf33a86, 479994.267022510563660628, 1, 489994.267022510563660628, 16 
0x28558ba4343feb2709ed7a9531b72402a7794d8d, 468840.199440433479018891, 0, 468840.199440433479018891, 16 
0x9a5b55802a3521689483d76c53f89f50afe399a3, 460000.0, 0, 460000.0, 16 
0x003f35595dce3187b4fff2b5a2c4303f7158208a, 445909.321, 1, 455909.321, 16 
0x23edaa604f7856483124ec15b280f24166b639f8, 374763.873200356043363213, 0, 374763.873200356043363213, 16 
0x587a533ae239db6d5efad5b9906a4a4b2803951b, 334465.635567107838105162, 0, 334465.635567107838105162, 16 
0xe8e4e477939f3c83141ed00c9b6e1d0fe43dbee7, 315788.441630162645260958, 1, 325788.441630162645260958, 16 
0x4a36c3da5d367b148d17265e7d7feafcf8fb4a21, 308682.0, 36, 668682.0, 16 
0xafd5ffb744539bad792f280da4fe2b36ba4d2bb1, 305000.846, 0, 305000.846, 16 
0x5470c32cacfeb1c8cf4c2279e06183cc92da0d63, 304489.417, 0, 304489.417, 16 
0xd77da5d8845b3c3395bba3dcb6068fa3cd8b86f9, 303368.273, 0, 303368.273, 16 
0xbdf6e91249c335ddf3f656c465326a69c13e1eb0, 302729.0, 0, 302729.0, 16 
0xfcec4ab6158464780fc737eac5414e19e5e9afd2, 301820.131, 0, 301820.131, 16 
0x2fa54032874a7be4625ad67040ca371175aac68e, 301347.219, 0, 301347.219, 16 
0x12e1ea128cfd5f8ecc04ccabe6320fcbcff98e44, 301059.045383538629278439, 0, 301059.045383538629278439, 16 
0xf41b56a150e525ad2b6a87da5ce7e62baae71dce, 300979.379, 0, 300979.379, 16 
0x206f3830a70514d04d19ae274c1905ae267b19b0, 300496.796647479427754205, 7, 370496.796647479427754205, 16 
0xca64c94af19686158e9883ea5c4671e3a5adda9a, 300308.961372665130440862, 14, 440308.961372665130440862, 16 
0x021956c4fdcc41785e53c9c4688cd8a388fd6cd3, 300182.398, 0, 300182.398, 16 
0xb7bff5fdca4ff1e7c696a2f7c9eeab9683b9c1ac, 300060.148960980114347671, 1, 310060.148960980114347671, 16 
0x97e1283e92c4c159b55fcc287b37fa38bdbbb1a5, 300031.521444564399819343, 0, 300031.521444564399819343, 16 
0x836e8ff06eca3666519dd7d54d4a5223db4714ae, 286684.387944487511842714, 5, 336684.387944487511842714, 16 
0x5bf4be9de72713bfe39a30ebe0691afd5fb7413a, 285000.0, 0, 285000.0, 5 
0x831888d4a59189315477b50b3130deca06605d00, 238527.0, 0, 238527.0, 5 
0x6ab1ec328422878063ff1b4b9b223d7e7a02cde1, 238527.0, 0, 238527.0, 5 
0x116f28081ea6ca166cf6477d4270d1969c70f1f3, 210000.024176847746790724, 9, 300000.024176847746790724, 16 
0xbcc506e7846f68f1636591c52703db0db812315d, 198425.65497515054526212, 61, 808425.65497515054526212, 16 
0x89862c4d567a2853f82aabe84d29a7744f8d7c7e, 197766.617254792586327447, 14, 337766.617254792586327447, 16 
0x24d70c070e9070de8bc4ef78f7640c4043f73ff5, 180024.564081813603426448, 1, 190024.564081813603426448, 5 
0x9017c92270f465fe35c8adf47ad9b2c344765561, 172256.11024850448141857, 13, 302256.11024850448141857, 16 
0x2f919f0eb53becfef31033cf68f23a57723a27c5, 171226.271524648350663854, 13, 301226.271524648350663854, 16 
0x99b7bbe8c39dac8eb68dc066b72a6e5a5dd84d30, 165510.018311607696607262, 0, 165510.018311607696607262, 5 
0xf8620fce84fe1f21a1961cb30574d1a9704f024a, 162500.0, 13, 292500.0, 5 
0xbf91944f333d2e55ee2692a090fb4e0fd8712d00, 161831.837, 2, 181831.837, 5 
0xa5437c9d2f62f79ae22b1dbd0a735feec7cef6a7, 160577.0, 12, 280577.0, 5 
0x8bfd22d7fa34839447af3b4ed35b847de5882dc5, 160287.307139660317408063, 14, 300287.307139660317408063, 16 
0x681cbae1c41e5eec8411dd8e009fa71f81d03f7f, 158093.270062429665594998, 39, 548093.270062429665594998, 16 
0x7f1cd22f3e8dfac287cb6b1d29a4d28ecb797b9c, 155900.0, 0, 155900.0, 5 
0x6a191c11fbf567bb19f554393662da80d269be91, 155452.0, 23, 385452.0, 16 
0xdf5b0e3887ec6cb55c261d4bc051de8dbf7d8650, 150825.82813300101958797, 24, 390825.82813300101958797, 16 
0xce66c6a88bd7bec215aa04fda4cf7c81055521d0, 146524.730138379980834412, 15, 296524.730138379980834412, 5 
0xc3e0fd60371d6636301bebcb48f4bdd38237620d, 140310.0, 0, 140310.0, 5 
0x84957e6c9f6ccfed9c35c850c3903732ed90858a, 139484.195855805341590009, 41, 549484.195855805341590009, 16 
0xa734439d26ce4dbf43ed7eb364ec409d949bb369, 127657.0, 19, 317657.0, 16 
0x02a76e34f224fcfb6faccab1ddb6e91cda7c8d5f, 127225.10398395678353975, 2, 147225.10398395678353975, 5 
0xc51505386b5a1d3e7ecb88cec112796d8cee0250, 125336.404435798659197647, 35, 475336.404435798659197647, 16 
0xa186727fdaf90cd7d9972572e32c618ce04206f8, 118351.565086769431633943, 12, 238351.565086769431633943, 5 
0x6232d7a6085d0ab8f885292078eeb723064a376b, 117042.45649221262685747, 2, 137042.45649221262685747, 5 
0x3635b3d38b971ed37b17e6e1ac685af87bc8d930, 113246.505937198536039502, 2, 133246.505937198536039502, 5 
0x84b3141cea8c3c5371a652cf3fe50aff81d79dba, 112000.0, 0, 112000.0, 5 
0x98727b47e99707874c41c217de7a2e512b9517df, 110000.0, 4, 150000.0, 5 
0x8002f1de88cb70c6a89177fe5c40621b4a62b80c, 109777.887529681093252352, 6, 169777.887529681093252352, 5 
0x7bd4fb369068f29a15c159b27fa66f3e628eefd4, 109515.306094749758237689, 0, 109515.306094749758237689, 5 
0x42bea9748999cb5aaf7fdb45b14eec9ec3ff86bf, 108910.505218119293569443, 1, 118910.505218119293569443, 5 
0x98dc82470cd96449eff7a21837644e8a0b83f40e, 105821.296682336601931064, 1, 115821.296682336601931064, 5 
0xbde2822659845be354783ab838d5a30b2d7021d4, 105472.692, 0, 105472.692, 5 
0x3e3721d26d5b8612bcd6504696b82401b9951ba6, 105399.45504221285520209, 20, 305399.45504221285520209, 16 
0x33ebb62dc9ddbf6b8f3c0efdf5bccc2e7ac60211, 103781.0, 0, 103781.0, 5 
0x2beba030cdc9c4a47c5aa657974840428b9fefac, 103727.981054652131356201, 13, 233727.981054652131356201, 5 
0xdb716d180ff04df99486743925900a94ea1bbf95, 103670.0667777861509374, 5, 153670.0667777861509374, 5 
0x4bf3805b23c99f8e0a5797e86fd0232a04a2a629, 103465.076872591133294333, 1, 113465.076872591133294333, 5 
0xaaa3f05f25eed87ee3a268f4582ec914e6245577, 102501.800820148756143279, 6, 162501.800820148756143279, 5 
0x04d8763310b89bc61ced6f4a86f3eeca7613a157, 102384.0, 0, 102384.0, 5 
0x28d89cfd8dc64fda9fe15945774007bc79e612c6, 101991.500162451410129011, 0, 101991.500162451410129011, 5 
0x2399154679959db9647c2972c32b942c0c608e1f, 101559.000013060519672376, 36, 461559.000013060519672376, 16 
0x905b6e028444339367b8522b810d29f0a077f10e, 101559.0, 0, 101559.0, 5 
0x1bc836f5844c4e257d19f11da540b051aa550aa4, 101559.0, 8, 181559.0, 5 
0x53b82aeb4de9c8060674fcba361b7105d316cc97, 101555.0, 0, 101555.0, 5 
0xf930b0a0500d8f53b2e7efa4f7bcb5cc0c71067e, 101203.914971024859530802, 0, 101203.914971024859530802, 5 
0x731097ac3088b7f23142490a8dd6f50c6a90ab12, 101125.350894361506591965, 1, 111125.350894361506591965, 5 
0x70448fa6dd61fb3f94b806d5def4e5e8dbef7ada, 101080.701244191878590468, 14, 241080.701244191878590468, 5 
0xc457749236328d6e27fc7441cc32f273d6ad05ad, 100923.458982954181940572, 3, 130923.458982954181940572, 5 
0x3b3540c429e6cec4f63d161ad2788a7d4a9a7b2b, 100495.89971827028797118, 14, 240495.89971827028797118, 5 
0x2718874048abccebe24693e689d31b011c6101ea, 100476.082449679667068793, 39, 490476.082449679667068793, 16 
0xfdffca1246924de90f54f867db89476d011e5ce5, 100447.971, 0, 100447.971, 5 
0xa742a54e0b9cd1cac03c8f569ba4c606694261f9, 100421.755692738058982036, 4, 140421.755692738058982036, 5 
0x552f01d67b352aaa38bc675e30ced97f2451df63, 100341.876286778846571837, 13, 230341.876286778846571837, 5 
0x9ac72f65f12be1febc310144583a9930be2033e3, 100193.444684493228804021, 0, 100193.444684493228804021, 5 
0x8defdcc888ffe255064150494fb3d027d93ecc1e, 100082.0, 0, 100082.0, 5 
0xb61023807fcef4d67928eb163012bf242395b715, 100011.641819446773470211, 0, 100011.641819446773470211, 5 
0x60a363530ec7db4fe74f5ebe62c337fdca8efe0f, 100005.009911999399700996, 6, 160005.009911999399700996, 5 
0x2c81cee7050c9d03295560851ffde123bdf9696a, 100001.0, 0, 100001.0, 5 
0x12a0e25e62c1dbd32e505446062b26aecb65f028, 100000.725, 2, 120000.725, 5 
0x8d372c7afb8ccc43c2eb77f3a14c89e49ff4a9f7, 100000.407218745112018438, 0, 100000.407218745112018438, 5 
0xf4ac06201c1aef8881bbed49877ceed64364ae13, 100000.0, 20, 300000.0, 16 
0xdcefafcf676d6ed294ac8ec106420224bd49dcf6, 100000.0, 0, 100000.0, 5 
0xc10e645a886f45d65bf8a15d0f86aa113aba3b5f, 100000.0, 0, 100000.0, 5 
0xc05f2db6a65d862427a609af2737ae088ec61780, 100000.0, 0, 100000.0, 5 
0xbd05571c7b394051e5dc35c2d9564c7660f24d6a, 100000.0, 0, 100000.0, 5 
0x6733a55a16aed0d0565b977df59ba2f1f9c3abf8, 100000.0, 38, 480000.0, 16 
0x5e0b5d550d0a2616ec2bf23b4b7d4d7092d40438, 100000.0, 0, 100000.0, 5 
0x3fe902be665d289c91173782f9d25be899c0d910, 100000.0, 0, 100000.0, 5 
0xe085327c5ad2f77147f10973fed45fb19d734f7e, 99852.541, 0, 99852.541, 2 
0x9634445e293a87ab77ca3cf5b43da94aabc544b6, 97041.537627443975254954, 1, 107041.537627443975254954, 5 
0xa668ac5abef2c9cc7fd786250c9baeacec8d31d5, 93883.305326570383823909, 6, 153883.305326570383823909, 5 
0x3108a9261e93a0105a2620289817f1629da49219, 89474.22, 0, 89474.22, 2 
0xa7112d7170296e964dfc09a39566349e62647d8e, 86809.591090338852201773, 4, 126809.591090338852201773, 5 
0xd56e9f604ba364d5df09730afcf946845ace6683, 83582.0, 13, 213582.0, 5 
0xa3ed353b003df1d08d153b1f7989df8e35019ec8, 80394.814568497614345367, 2, 100394.814568497614345367, 5 
0xae1692d8d045716c948b707550e91dbd2c55169a, 80265.468, 2, 100265.468, 5 
0xe7613dcc66d46164994a92b7922133376770040a, 80006.315850922664448059, 0, 80006.315850922664448059, 2 
0x49831c41410c483c4734899ddeadb94198956976, 73273.0, 0, 73273.0, 2 
0xdbb311a1a4f1c02989593ca70ba6e75300f9f12d, 70513.5, 4, 110513.5, 5 
0x3cad70ec39131ddb474429f3879d1b691d89f2fb, 68891.489, 0, 68891.489, 2 
0x296a7608f5caa15303f1d53fccfccfa44bfbd6f1, 65906.359358694618478254, 0, 65906.359358694618478254, 2 
0xb79d39c665cd8394494aaa4f38f09baffa678253, 65654.554164605544752329, 0, 65654.554164605544752329, 2 
0xcb1f0e2b750f2fd825137185307dd66ff4c6332e, 61176.302343096583240806, 0, 61176.302343096583240806, 2 
0x39a9c5a5b83943a8d6c7eadf7669db5d4eb29fab, 60008.541, 4, 100008.541, 5 
0x2a32f73179fdec8935625ae88bfd1e4d9e1fbe47, 52871.596384816196820216, 0, 52871.596384816196820216, 2 
0x9b7d7c4ce98036c4d6f3d638a00e220e083116c7, 52025.188, 3, 82025.188, 2 
0xc310a010e9349af5dcb8804c24bdc2b19b017d11, 51458.707052199274889083, 2, 71458.707052199274889083, 2 
0xe6d270680431b674cadd4e6c13bd56fdbfd6fbad, 50246.012938461718425666, 0, 50246.012938461718425666, 2 
0x3d4508df93241e092825bf72d205eb317121f43f, 50224.257847743018607931, 3, 80224.257847743018607931, 2 
0xbcc74a1dcc842237b6dbcd383a731ec5eb448a99, 50000.0, 0, 50000.0, 2 
0x41357f986bec5e47e196e902439528dfe1ad5051, 50000.0, 9, 140000.0, 5 
0xfb18fd31af65737e446f30c7c35375e53a4ce569, 49897.338499191851681711, 22, 269897.338499191851681711, 5 
0x13816f65ba8195768e6825eb774fd3c6a05a0ac8, 48095.303, 19, 238095.303, 5 
0x99b76dea53742ad8985468b6d6f544c4d80e86a4, 43381.010532809985954047, 26, 303381.010532809985954047, 16 
0xc2c119b9963206a5eb921959ced4ccb828f2434a, 42702.174573082266704925, 21, 252702.174573082266704925, 5 
0x38d3f3cda7d08890a59aed6c21bc21e85e90b1d7, 40625.0, 3, 70625.0, 2 
0xd651e2c626ee210fc38676124d5007ac822ad749, 40332.998082037326884991, 7, 110332.998082037326884991, 5 
0xbfa43bf6e9fb6d5cc253ff23c31f2b86a739bb98, 38101.979778771137732141, 7, 108101.979778771137732141, 5 
0x28da3398f163de49130b1e1e72b46bb3415ebce2, 34662.528490344360694956, 2, 54662.528490344360694956, 2 
0x9469c98be5afd94cd601e094bc401ddd37f480a3, 31180.0, 5, 81180.0, 2 
0xc3cdc5d1401cbe421a5ffb4a3296810476b35671, 30387.724333477863973154, 2, 50387.724333477863973154, 2 
0xacc89b21449b6cbb5101d5267f730c25e02e2409, 30148.740803044566136094, 2, 50148.740803044566136094, 2 
0xb75e6a898f4d7dd32efea8d27094432b0f90618d, 30032.485276525763400783, 16, 190032.485276525763400783, 5 
0x188c30e9a6527f5f0c3f7fe59b72ac7253c62f28, 30000.0, 4, 70000.0, 2 
0x5e3d81f47cdaf4ff4622a40b3e76fe0b896e5324, 27136.120831735573983702, 4, 67136.120831735573983702, 2 
0x4e7e1c73c116649c1c684acb6ec98bac4fbb4ef6, 24727.959497406791003495, 19, 214727.959497406791003495, 5 
0xb0b2b405c9d09d129e9f9b18c9dd218c532f2b2a, 23721.309987471852003715, 15, 173721.309987471852003715, 5 
0x63c8e1155e2be1e10041ff56625805abcf1fbf9b, 23515.567, 4, 63515.567, 2 
0x06f42ed4613acdc86d3b5c9ddc602efb622be0e1, 23385.0, 11, 133385.0, 5 
0xa619e118960a0ab71eeb410b662cabec325a9cb0, 23204.003, 6, 83204.003, 2 
0xe73e90fc400c0256bc271c83e576acb97603452b, 20732.751773637843432616, 3, 50732.751773637843432616, 2 
0xc1f28e810cf2f8e1922a874f66112c7bf26a929a, 15447.08, 4, 55447.08, 2 
0xe618c760d3f09d028f13fc74e31b8ea90155f551, 15116.182024255702520073, 13, 145116.182024255702520073, 5 
0xffd68bb1b7882019b394a4efdd007a6e1b5ece5e, 14739.289585907046580275, 6, 74739.289585907046580275, 2 
0xd79df18dae47442e040ce0d6cafbf1f549ecd8c9, 14031.0, 5, 64031.0, 2 
0x85b6ac2dd05dff3767e78900ab5db55c12da1b8b, 13311.352802046724172372, 4, 53311.352802046724172372, 2 
0x18c6a47aca1c6a237e53ed2fc3a8fb392c97169b, 10769.451052651066748528, 4, 50769.451052651066748528, 2 
0x987dad22e28fce25574d0b728b376c6ec20cd7f5, 10001.0, 4, 50001.0, 2 
0xe58ac4e0d21917a05534b0d37a56e8bcdab7f00b, 10000.0, 9, 100000.0, 5 
0x66a12663780175f1d29d1a885b429b2cd138b178, 9038.168296898640483216, 5, 59038.168296898640483216, 2 
0x23324ed44904260fe555b18e5ba95c6030b9227d, 8092.155890541773084422, 33, 338092.155890541773084422, 16 
0x04d13d57bf2f60c4c5024fba1a6cb20efea99a77, 7703.73445426247204765, 6, 67703.73445426247204765, 2 
0x60c0ce0943115aea52f1979719a9cca43ed104ee, 7521.468, 5, 57521.468, 2 
0x2e10fd3884dce04f992a3b68d52f807014b41237, 7262.056040336257669536, 49, 497262.056040336257669536, 16 
0x491fd53e5e0d8b4a5f28d008856060cda5380aaf, 7000.0, 5, 57000.0, 2 
0x2ee8670d2b936985d5fb1ee968810c155d3bb9ca, 6677.0, 31, 316677.0, 16 
0xf98ff587feb37db9e6934ddaf1ab377240430753, 6621.519308087653947827, 6, 66621.519308087653947827, 2 
0x0503ed50534614193fcd085c5de01728a4824822, 6470.299341551484897754, 6, 66470.299341551484897754, 2 
0x535a23852cd726000856cf370b42c9a6d37779a9, 5873.325674632556767018, 8, 85873.325674632556767018, 2 
0x8177598e08ee8199c160a48c7a0af31ab54bb59f, 5260.148, 15, 155260.148, 5 
0xb357898e23a2d72cf63080dde46693e890f2a9a7, 4834.884, 7, 74834.884, 2 
0xb4374bd294601a2b69dc6c0de1243f047ebe6e29, 4516.158035052946857548, 5, 54516.158035052946857548, 2 
0x42a60d2f2ffa2150c568010a8d425f0aad284fd2, 3504.478374823084925629, 15, 153504.478374823084925629, 5 
0x9428ca8b5fe52c33bd0bd7222d719d788b6467f4, 3118.0, 5, 53118.0, 2 
0x1a15d4dd8a84dbf8426347288154e083901a55f6, 3117.63409027414334769, 5, 53117.63409027414334769, 2 
0xa595f35cb8916efa230f189bd7a1eb6894172a16, 2663.317149475786252635, 66, 662663.317149475786252635, 16 
0x19fff7b830e828647059e636d1faebe0125a2ffd, 2573.539, 5, 52573.539, 2 
0x8ae0b7de9e955a9f2740b2ce7133c694d6a82297, 2307.0, 11, 112307.0, 5 
0xf1a282dfd88eddd574b0f27ffef2ed73c9d66875, 1908.151, 7, 71908.151, 2 
0x3643420ae82819edd3f8bf99bb4543ccce478757, 1892.0, 86, 861892.0, 16 
0x3b3525f60eeea4a1ef554df5425912c2a532875d, 1620.423, 6, 61620.423, 2 
0x8f8b4759dc93ca55bd6997df719f20f581f10f5c, 1600.0, 5, 51600.0, 2 
0xb1916a4ac1bd5d4a0a850787691d2042ed6c406e, 1559.0, 5, 51559.0, 2 
0x04e151e8990d300da625340592fdff30c3332081, 1559.0, 8, 81559.0, 2 
0xa83f6bec55a100ca3402245fc1d46127889354ec, 1526.0, 5, 51526.0, 2 
0xf9dbd46ec67dad36794fe788c29147e00fc25fe7, 1480.988972706170135243, 8, 81480.988972706170135243, 2 
0xa94b40c53432f0576e64873ce1cead1aae62fc90, 1428.848890613208008883, 11, 111428.848890613208008883, 5 
0x81e5cd19323ce7f6b36c9511fbc98d477a188b13, 1356.311, 25, 251356.311, 5 
0x47a931aba7dca4c8a61458797ed58f15170efe90, 1323.0, 7, 71323.0, 2 
0x804a6d1a4201aa4f17f7dc86aae24bf07333de95, 1299.420939975619949506, 15, 151299.420939975619949506, 5 
0xcc3b2af633074ae159a16a0eda2753e7578262ec, 1202.004, 6, 61202.004, 2 
0x0799442ce0f90f8837fdeece82cd2735625b4bf9, 1064.052399083543130543, 27, 271064.052399083543130543, 5 
0x6eaa31bbdd2fe3eb884f79675183019131cfcc85, 1034.099834442355420932, 6, 61034.099834442355420932, 2 
0x099b939c9abe0c146a3c915ef065161607e75ac2, 1031.548643847602159005, 10, 101031.548643847602159005, 5 
0xae26b20104f4b7ef39d23e01b83048f28cbae01d, 1005.088663034367762942, 9, 91005.088663034367762942, 2 
0xb1231a4a2dd02f2276fa3c5e2a2f3436e6bfed23, 879.607456745667916993, 7, 70879.607456745667916993, 2 
0x2b47c57a4c9fc1649b43500f4c0cda6cf29be278, 848.768, 5, 50848.768, 2 
0x6bf97f2534be2242ddb3a29bfb24d498212dcded, 672.374659479414466361, 113, 1130672.374659479414466361, 16 
0xf69ea6646cf682262e84cd7c67133eac59cef07b, 639.777956225561884481, 11, 110639.777956225561884481, 5 
0xe0c71f6c2fea87f2155de000e090b09f65d361df, 603.0, 83, 830603.0, 16 
0x6301add4fb128de9778b8651a2a9278b86761423, 567.275438018186134412, 10, 100567.275438018186134412, 5 
0xcf6f5a68d94165081a634ada997be3a93426c467, 553.042218782954978911, 14, 140553.042218782954978911, 5 
0xb6ad61b7558c718269a9129bd9ed9839d88a126a, 542.424, 19, 190542.424, 5 
0x0cac9c3d7196f5bbd76fadcd771fb69b772c0f9d, 538.37199045334614277, 14, 140538.37199045334614277, 5 
0xd43f173e96300840a69ef0a43738019450792f7e, 533.273, 40, 400533.273, 16 
0x37f64fb7fa2fbc5f6056301273faf8a1fc803b7a, 476.392188514821311091, 13, 130476.392188514821311091, 5 
0x9499054d02a725316d61fa896c29d58550ee4a5b, 470.0, 17, 170470.0, 5 
0x6c0e639dcfc73e810bf66c90a9005d4ebd8a7e5d, 441.0, 13, 130441.0, 5 
0x6a0129cee67778cd45df5a35a3802e4fd80b77b9, 441.0, 12, 120441.0, 5 
0xa7bd745215fa1cee3e93ef2de195c5a53b6c75bb, 427.194808208095094184, 11, 110427.194808208095094184, 5 
0x2a07272af1327699f36f06835a2410f4367e7a5c, 425.167590471262764575, 11, 110425.167590471262764575, 5 
0x82b1f29c5608238df2618f996827933c0d844079, 354.07742644243996172, 6, 60354.07742644243996172, 2 
0x2e419a06feb47d5f640636a55a814757fa10edf9, 328.668, 6, 60328.668, 2 
0xba567d6ce93c021e46baa959ffc241fe35a10297, 288.457430960847660392, 8, 80288.457430960847660392, 2 
0x1a31395f7ee44b6c5aef70bbd48718aa1b33b789, 264.59073887751768146, 10, 100264.59073887751768146, 5 
0x13b3a50f3947476eda74fe191344524e2d2d28e5, 264.0, 5, 50264.0, 2 
0xf2c06f90fb58844c09220e01e3116a2293df6960, 263.003266520546138364, 9, 90263.003266520546138364, 2 
0xabaf489d77c04b9881cfcddb709a5fbd0463740a, 239.844, 8, 80239.844, 2 
0x0ec367cdf3a99f66fadcd9cf089e8e455cd4a230, 236.0, 40, 400236.0, 16 
0x9157e4c18511558353fde20782598e4dfc87bf4b, 230.484, 5, 50230.484, 2 
0x5f80fa8a11fcab25bc4837f0009737d5e9ca9f3e, 207.013187577959975158, 14, 140207.013187577959975158, 5 
0x05941c397545b80cc196fe139b989ab1be63197c, 200.0, 5, 50200.0, 2 
0x95be4adf7f8c69852317301a5a77a4998277200d, 195.89565206771103143, 15, 150195.89565206771103143, 5 
0x1c71122bb75c6ceee7dfe50a45dc571f784f5cab, 195.066827715468894893, 8, 80195.066827715468894893, 2 
0x886478d3cf9581b624cb35b5446693fc8a58b787, 176.461740166778320135, 5, 50176.461740166778320135, 2 
0x721931508df2764fd4f70c53da646cb8aed16ace, 166.675907729800188217, 10, 100166.675907729800188217, 5 
0xda6ad74619e62503c4cbefbe02ae05c8f4314591, 149.551148807313874128, 27, 270149.551148807313874128, 5 
0x13ff6c84ce051a8450f6de2f34b4cc5666f17fd4, 147.266, 7, 70147.266, 2 
0x4dc6750a016db9a96fef40d852e1faee11733db6, 138.028, 6, 60138.028, 2 
0x771041cd228925611b2933419b256b15dc7cd794, 130.982231838573493987, 6, 60130.982231838573493987, 2 
0x1043320e260f016a80273f6cdf52b45573f51fe2, 129.877, 14, 140129.877, 5 
0x61d0ea212b35721e021f56094603165a92410c19, 105.133, 6, 60105.133, 2 
0xafa0f92a61850a685e7d4a0d73fa816aa5624331, 103.687469107504541361, 12, 120103.687469107504541361, 5 
0xa586f6f73db2421655873b338cb27e94612fe122, 100.0, 6, 60100.0, 2 
0x108a8b7200d044bbbe95bef6f671baec5473e05f, 88.904374858095791214, 10, 100088.904374858095791214, 5 
0x00493aa44bcfd6f0c2ecc7f8b154e4fb352d1c81, 88.842, 5, 50088.842, 2 
0xda05849b2fe63075266a22e972ea65f6d445daf1, 77.844882110068221456, 10, 100077.844882110068221456, 5 
0xaa2e61bd52d62cccc988e3dd1e38fc10c25741e5, 75.139, 7, 70075.139, 2 
0x078ad2aa3b4527e4996d087906b2a3da51bba122, 74.504, 7, 70074.504, 2 
0x88da36152d4691e8d4efc998ddb7b22fe1b16898, 65.499802426559799927, 5, 50065.499802426559799927, 2 
0xa1cac3e6d20ed63617fa43e1fe2600dc3b2b33e4, 54.884, 7, 70054.884, 2 
0x751893105b1ece3b7feda367b92cd1bcf2abd673, 45.487284357513354096, 9, 90045.487284357513354096, 2 
0xf636b6b5913ee5c3bf4d52d13ce6c40179c794bf, 42.854369169198429021, 15, 150042.854369169198429021, 5 
0xb59825afbba29d5257f877a8a64265c3a10fc2ab, 41.0, 18, 180041.0, 5 
0xa5e2bb97de3c62ca06f1a2293eb7e01c114e9a49, 41.0, 6, 60041.0, 2 
0x8aa04ed102fcc87f6c3851803048321a3a211448, 41.0, 8, 80041.0, 2 
0x60af7a0cf62dc30761b4a1040617de37d9c3b7ff, 41.0, 5, 50041.0, 2 
0x504c11bdbe6e29b46e23e9a15d9c8d2e2e795709, 29.230321040667644447, 12, 120029.230321040667644447, 5 
0xd7dd9b2af7eacb2db2b62d12da17bea9ff07770b, 27.261, 8, 80027.261, 2 
0x704c978d50590b21e4c2f43eb4da24fe61fcd707, 25.135510082506940057, 11, 110025.135510082506940057, 5 
0xb3479ac22ab13a9d359c1aa0fdf6f7e3d39a207c, 23.0, 5, 50023.0, 2 
0xa83fa9c834bb5abe25f9c56eb5845b3203df94f2, 12.171911048564486464, 8, 80012.171911048564486464, 2 
0x634775efe2d77ff787fa843a57e752b9bd515f41, 8.494468856040478173, 13, 130008.494468856040478173, 5 
0x20251a0505ead51fb2c6ce5c1f399924ea068322, 3.0, 22, 220003.0, 5 
0x367c49e002616469e2ad73485ef3912520bcfca2, 2.0, 6, 60002.0, 2 
0x836ef81a58e5565b8d1d555ec8e9a5c2792511c6, 1.0, 5, 50001.0, 2 
0x469adaf766fb35f1a3c2569fe8c57a50f4b39131, 0.781513775582907599, 14, 140000.781513775582907599, 5 
0x08d816526bdc9d077dd685bd9fa49f58a5ab8e48, 0.62, 20, 200000.62, 5 
0x0e72a4457ced0d96f8d7108bd733110d87c12ceb, 0.444, 5, 50000.444, 2 
0x99a8e56c134f3a6277d9605cf29e43d323462929, 0.0, 32, 320000.0, 16 
0xe606a466aba5ca7d89b08bd19dd10c43b95814f6, 0.0, 56, 560000.0, 16 
0x954cfc3b0cd64c88ea075f676262e5f93e071b9e, 0.0, 8, 80000.0, 2 
0xc279f228954abd02a2adbebba2e8d85816355316, 0.0, 15, 150000.0, 5 
0x69ef61afc3aa356e1ac97347119d75cbdabef534, 0.0, 20, 200000.0, 5 
0x7b4a5410713fe715312d4bb99b30ab00f045f2f4, 0.0, 12, 120000.0, 5 
0xc7b42f99c63126b22858f4eed636f805cfe82c91, 0.0, 23, 230000.0, 5 
0xb428396d64b0a36c7765da55f64a6b2538d29589, 0.0, 6, 60000.0, 2 
0x07c578047dd6dea9a14c8b20301a18e491be30bc, 0.0, 11, 110000.0, 5 
0x0154d25120ed20a516fe43991702e7463c5a6f6e, 0.0, 34, 340000.0, 16 
0x3d010781df9efe1b2ec90adbd7189f4b640de626, 0.0, 15, 150000.0, 5 
0xbdc20881da425d37359634467545d9062ce0dde5, 0.0, 9, 90000.0, 2 
0x97b4a2ec50036453d8a00424feb4613e8bc46775, 0.0, 8, 80000.0, 2 
0x5a581426fea6771ace0653c16396a29ed92d182c, 0.0, 8, 80000.0, 2 
0x20ff7e19c8ff23109eb1661df3b3c4f36ddadf1f, 0.0, 6, 60000.0, 2 
0x85c0c09570c955f6e07522e9ad6041716cbbb7fe, 0.0, 5, 50000.0, 2 
0x1439b4d5a72343b68f12398c649df99d76b2af53, 0.0, 23, 230000.0, 5 
0x1f081576f635d953fe66f22c9942db5d67f4da36, 0.0, 6, 60000.0, 2 
0x6747b33f4293fb4fd1beaa5d7935f85d5958b684, 0.0, 45, 450000.0, 16 
0xe15cf0ede90e9059188fc8439014d1ffe29e0bbc, 0.0, 9, 90000.0, 2 
0xb32b4350c25141e779d392c1dbe857b62b60b4c9, 0.0, 104, 1040000.0, 16 
0x295fc05d34fa93e92370c7706043e0705fc6acaa, 0.0, 86, 860000.0, 16 
0x7b10c64e40114957725065f617ed7bc6891b21b3, 0.0, 14, 140000.0, 5 
0x823034a8e2cfd842c914d9456250959c760f45ea, 0.0, 176, 1760000.0, 16 
0xb672e9882984dac5b3c9af4f57490ee83139933f, 0.0, 46, 460000.0, 16 
0xf9f56b6dc4c297b0d942b0e03f7e67d6dd0ed7be, 0.0, 29, 290000.0, 5 
0x0320e2787d5c62a4a81f219dfb3c5abdf6265362, 0.0, 25, 250000.0, 5 
0x31ea0d4e4492dc6b59aac609214e8fce6fd08cbd, 0.0, 5, 50000.0, 2 
0x05a4448597935c508e4ad0d2cf56d56bedb246ce, 0.0, 6, 60000.0, 2 
0x614732f0dd9dbc579e21cf6af3acf54d736eb912, 0.0, 6, 60000.0, 2 
0x9c5142ca89eac453c1eb9ef8d5e854ca01743f6e, 0.0, 70, 700000.0, 16 
0x9a3113e45990b4c509710203d0a6e933ae20ffc0, 0.0, 18, 180000.0, 5 
0xca092c3095e6ebc38a56636482a9fc308b0a6722, 0.0, 13, 130000.0, 5 
0xcd147f1394941bdc7a00b48531dce81af0fd858c, 0.0, 5, 50000.0, 2 
0x24d9db7c839262197b278a912ca0beefbfbc15a2, 0.0, 6, 60000.0, 2 
0xe20adb03a470b5573bf572dd918e052d0d17866e, 0.0, 5, 50000.0, 2 
0xb94f6923dcf0c4af1790703273455d6f4de32779, 0.0, 30, 300000.0, 16 
0xffc6f9f72fbcbc4ed454ba11b861d336d85ef843, 0.0, 13, 130000.0, 5 
0x18f868ff7250ceaee4b9ccf716b0d019b34ee731, 0.0, 12, 120000.0, 5 
0x6e7cacc6f2b49dfb980663bf2bb014046ac45320, 0.0, 11, 110000.0, 5 
0x0959a5a5ddfc29244e35d6c5bcbf6b5b2f8e1a0c, 0.0, 8, 80000.0, 2 
0xc20f680591343da063708f490409e2e6063b7c72, 0.0, 15, 150000.0, 5 
0x9b338fddc58a3a28042ff3fc9ae3ecbcfe0de267, 0.0, 5, 50000.0, 2 
0xf480935955d38a332cf40c65add722d46b922462, 0.0, 5, 50000.0, 2 
0x602599ad65f6743676fe3f9529e2a11be86fb626, 0.0, 10, 100000.0, 5 
0x91212de083d29342f670fb69ffa68176369e3b20, 0.0, 7, 70000.0, 2 
0x13e2b15a146a2000bdffe847185e6a0d527b2c6d, 0.0, 9, 90000.0, 2 
0xff2bfaf7deb3c03f8dda16b7e3bcf0166d568cb9, 0.0, 5, 50000.0, 2 
0x06f243d866f17bbb66a8ec1d991c09f6945d8862, 0.0, 22, 220000.0, 5 
0x73ac93a7950af4e92be6ed06f1c9f0fc8d166838, 0.0, 7, 70000.0, 2 
0xfb2ec6543d97808d8a00fca199c39022b0b3368f, 0.0, 28, 280000.0, 5 
0x882c8e57cf50ea8563182d331a3ecf8c99e953cf, 0.0, 24, 240000.0, 5 
0x44809ecebed746ae535299b6e8297e865bf81b01, 0.0, 13, 130000.0, 5 
0xdf3c160116e1cf9ba92b9c4b9329755cf0d4fd20, 0.0, 10, 100000.0, 5 
0xd5ef94ec1a13a9356c67cf9902b8ed22ebd6a0f6, 0.0, 7, 70000.0, 2 
0x9d005bdc321d68f475ea3b645c4bb38ba3fa29cb, 0.0, 5, 50000.0, 2 
0x4dd5a4d1fcb6f8938aa8ad070aefe1b19e8f9c0c, 0.0, 5, 50000.0, 2 
0x75863c5dd30fc162d7e6b30a6caf015cc4c066c6, 0.0, 5, 50000.0, 2 
0xbd4d581a3912ca3afdde3aa515f22c1ab965df99, 0.0, 5, 50000.0, 2 
0xd7189a81961cb3cc0dd6ec6a1f90bc5f95dfd7f0, 0.0, 11, 110000.0, 5 
0xe15057f83d1a4ce23fd0682b5b44b6d055622136, 0.0, 15, 150000.0, 5 
0xb50b88c95d2c7fd669bd8501c44318c6b89b38e4, 0.0, 12, 120000.0, 5 
0x9b7061023cd42263448d48c48572507f19f39b78, 0.0, 5, 50000.0, 2 
0x833f91f9ca3f4249b50a36efce2fd3c6fa9a1746, 0.0, 9, 90000.0, 2 
0x3640a9ba0a6ef5738f0b41b87eae75b8928f8917, 0.0, 6, 60000.0, 2 
0x1ecf823c05f97c390d86deff57c03ade4575c380, 0.0, 5, 50000.0, 2 
0x297419b983e64118129473c55cfa4184e3dad249, 0.0, 6, 60000.0, 2 
0xbd8a92e249090249c5fb2ff71e47b69fb650d3af, 0.0, 8, 80000.0, 2 
0x1b3701a285f28b9c401639cc8802c83e85a2555e, 0.0, 16, 160000.0, 5 
0xe76091f84ddf27f9e773ca8bd2090830943f615c, 0.0, 20, 200000.0, 5 
0x5d42b74226b95d84ed326b565cfac7a13b41d9df, 0.0, 10, 100000.0, 5 
0x09ba0d8c6e10147660714388d4857260d9bd7958, 0.0, 11, 110000.0, 5 
0x21d5945a71a939675c13b43fe69edce0c66cf003, 0.0, 8, 80000.0, 2 
0x2cb3338f518b2d61470b4d1d503bdc84c1a04ecd, 0.0, 6, 60000.0, 2 
0x2e0c34490a9ee70af5404bb7bbdb489fb3d99487, 0.0, 10, 100000.0, 5 
0xcc3f9646fe5d2e7a26473827c5f1dcd87b69acc2, 0.0, 10, 100000.0, 5 
0x359629d85e7d081182db6ae7fcbfec60ded43e45, 0.0, 7, 70000.0, 2 
0x55bdec7fbdd5074a6f8603af000270a76849d08e, 0.0, 9, 90000.0, 2 
0x564bca365d62bcc22db53d032f8dbd35439c9206, 0.0, 7, 70000.0, 2 
0x43e7d33f026ae402a87700f314f8fd1556e3f0de, 0.0, 28, 280000.0, 5 
0x80fcfdd18c0b83a1827f5964d4d1b214db16adc5, 0.0, 40, 400000.0, 16 
0x172d894db40435d04a099e081eade6492d3e71a8, 0.0, 34, 340000.0, 16 
0xf25266fc05c330edac2244e31346c6dbd735fa68, 0.0, 7, 70000.0, 2 
0xab5d3f7eca3e784eaca50b74cfe5d1114cc78d76, 0.0, 5, 50000.0, 2 
0x6c182f089927a513770d127169c02f45a9af0912, 0.0, 6, 60000.0, 2 
0x6efef34e81fd201edf18c7902948168e9ebb88ae, 0.0, 5, 50000.0, 2 
0xe2d4be1375ca37143fedd47e168cb2d4b3a8dadd, 0.0, 12, 120000.0, 5 
0x16b99d194b27e65d56679e1da09884d9827de6fe, 0.0, 7, 70000.0, 2 
0x024f1f8b3789bfdf9edb47f58a0d7a3afeaea804, 0.0, 19, 190000.0, 5 
0xd25469a1d8789266574f04ac424f72db4a4f648a, 0.0, 9, 90000.0, 2 
0xd83c7bced50ba86f1c1fbf29abba278e3659f72a, 0.0, 7, 70000.0, 2 
0xaf1cc56a81ae3db157b73db4dbcd20907db5793f, 0.0, 8, 80000.0, 2 
0xf185c467a9dfedc90f2f2a852e5ba5be4d639918, 0.0, 5, 50000.0, 2 
0xc3bee77d669eeb416d3387f6b79e2399c4afbfbc, 0.0, 15, 150000.0, 5 
0x59560854986b354d2dbc4368a09526dae0b244db, 0.0, 12, 120000.0, 5 
0x7a8d8f4b5c05ee3148b9413c594c02034ed79b86, 0.0, 12, 120000.0, 5 
0xa4750648e2ba8efb590e4c7a02187d4521191c64, 0.0, 12, 120000.0, 5 
0xac949e22009f9892fd32a6fb627d2da644ce7f3a, 0.0, 8, 80000.0, 2 
0xcdae1bab521e6ad0756f41166e1ac68d4b5ba55a, 0.0, 6, 60000.0, 2 
0x05c83a1e632f1fe3e00b144aeded275c2ee47995, 0.0, 14, 140000.0, 5 
0x2c1676505fee6834bf68f72ed62b2dc282950c97, 0.0, 5, 50000.0, 2 
0xe5dfe5e681262630028ac91972f33e13549f0661, 0.0, 5, 50000.0, 2 
0x7963fbd04523ed0d995bbbb3132aed448fc22869, 0.0, 25, 250000.0, 5 
0xdea8439e92a66665b8d4e1cc136715819eefe683, 0.0, 5, 50000.0, 2 
0x28088d0b9f15462f730fc54498c142d01fac5465, 0.0, 8, 80000.0, 2 
0x3113ab5c691ecdac25c07bbf2bf80eb005e4088c, 0.0, 11, 110000.0, 5 
0xfdc3e8edd74a90fe971ef7d56a0c66c870b10f5d, 0.0, 5, 50000.0, 2 
0xbe32eb8a464001842173f02fcd2cd0d4441a4976, 0.0, 9, 90000.0, 2 
0x9ad85d7c0f7eff3d0718c3a3a032557558f7048b, 0.0, 18, 180000.0, 5 
0xee5280e9eb7b9d33ca03332db7382b24f4a2d009, 0.0, 8, 80000.0, 2 
0x742303b4bac59d7da5d86ff864e240d59953c6b7, 0.0, 5, 50000.0, 2 
0x394a7aabc0c217385ea62792b5723a15fc443694, 0.0, 5, 50000.0, 2 
0x31e8979291a5b5471d45916a7523c91d9e17fea1, 0.0, 7, 70000.0, 2 
0x47d4f20ae83bcd350105f199f900e6e6104dab6a, 0.0, 6, 60000.0, 2 
0xd383fa9fb743bac75c3c5ca51ff6ce431b29016a, 0.0, 6, 60000.0, 2 
0xeb4c5c24468c3e666d01257b76a73326411b7928, 0.0, 5, 50000.0, 2 
0x9a97dbc9baa91707b5bde45c810536c17b8ceb15, 0.0, 6, 60000.0, 2 
0xcc5ddc8ccd5b1e90bc42f998ec864ead0090a12b, 0.0, 20, 200000.0, 5 
0xef8a28b8a39fb292afc471e21106eeef1985ce4c, 0.0, 7, 70000.0, 2 
0xe9d87ee3dcd752e81970b254c8bd285e702ad518, 0.0, 8, 80000.0, 2 
0xb9b5e761cb20a973dfcab6d6d1d048f0ae2daec4, 0.0, 8, 80000.0, 2 
0x8359953dc47b2a78a3e5d4d0eb1717846af32641, 0.0, 5, 50000.0, 2 
0x37b3fae959f171767e34e33eaf7ee6e7be2842c3, 0.0, 8, 80000.0, 2 
0xb78afc3695870310e7c337afba7925308c1d946f, 0.0, 24, 240000.0, 5 
0xe0028a40f06fd93fdc6bb87424e3569cb7478b90, 0.0, 12, 120000.0, 5 
0xb57efba074966fc499835996746acde35d7ad38e, 0.0, 22, 220000.0, 5 
0x483b613641720bdd7848f4d90a01883141b753db, 0.0, 5, 50000.0, 2 
0x51270b2b92d1080a27d05c6ebcdedec4824d5efb, 0.0, 5, 50000.0, 2 
0xf02de4505027133432df6eb111e4e60588b690e5, 0.0, 5, 50000.0, 2 
0x008160cbce03ce9c914d9734c821fe96899185bc, 0.0, 6, 60000.0, 2 
0x1e2d3d8dfb3d35bdf31eab3a1b16d9c7530d22cf, 0.0, 7, 70000.0, 2 
0xc8e0e13d7074a9a66854374a6ea98491cb739b28, 0.0, 10, 100000.0, 5 
0xdaf5d1c38996905b8a15df9118e6f1b01f3522fc, 0.0, 6, 60000.0, 2 
0x0c75b0f01d256bbcac0b5d550724c8c574917384, 0.0, 11, 110000.0, 5 
0x3bf826415da10cb25a9a8e8a9e01b97bfc8875ac, 0.0, 7, 70000.0, 2 
0x0b13f13c0e99f24b96a835b787d1347b33d87776, 0.0, 12, 120000.0, 5 
0x1dae0f04dc713c0fe13b5cc0d5cc61d65ef0633a, 0.0, 7, 70000.0, 2 
0x8b5e90aa714c967efc8c286f46ce0fc822e1cfb0, 0.0, 6, 60000.0, 2 
0xa41b73050c9caee703d55701dd3c637c54016943, 0.0, 5, 50000.0, 2 
0xd5f59c7366e38945ae224b3684fbfda414f340be, 0.0, 7, 70000.0, 2 
0x221fb933f42dfde73db5532154f4675b072e1b72, 0.0, 6, 60000.0, 2 
0x597cedae7830a6d7ae884589e769b7016f3af7d5, 0.0, 5, 50000.0, 2 
0x6937a767422c879a90ccb1765c0370431a87f70a, 0.0, 19, 190000.0, 5 
0x9e4a9b4334f3167bc7dd35f48f2238c73f532baf, 0.0, 5, 50000.0, 2 
0x4ff05543d3a53ce52da701fba2af11255f0a066c, 0.0, 6, 60000.0, 2 
0x480054337af28750bc5b656ecb8643406573088f, 0.0, 7, 70000.0, 2 
0x57181b7d1758b0e9931284290d00cc7854f72a27, 0.0, 7, 70000.0, 2 
0xd905de91f928b20ea0ccf455e5ba07eb6373955c, 0.0, 7, 70000.0, 2 
0xbf3e23afd790e34a39d2e5b465f57e0ed74b3b9a, 0.0, 6, 60000.0, 2 
0xebf02c6e12c3ee119abba161c40bfeead0a06b15, 0.0, 15, 150000.0, 5 
0x9223c5888bc47ff3a6c671ef3de0c7e0c8637ca3, 0.0, 5, 50000.0, 2 
0x36e626fb225f431146ac7a020f884b014f584700, 0.0, 6, 60000.0, 2 
0x294803520a1e7b671c105c8a3d94836f40b2b557, 0.0, 5, 50000.0, 2 
0x1297ad486549a430d59d9d5f99ed7c216b6e77dd, 0.0, 6, 60000.0, 2 
0xea7f943ddd70f926c786f6cd7dbc658cc77cbc98, 0.0, 9, 90000.0, 2 
0xa224c10b72d433a14e521dc3b895a6f2026a53e5, 0.0, 10, 100000.0, 5 
0xb2ac59ae04d0f7310dc3519573bf70387b3b6e3a, 0.0, 12, 120000.0, 5 
0x6186290b28d511bff971631c916244a9fc539cfe, 0.0, 11, 110000.0, 5 
0xb84f1d211ee53991737046936b4ba02cc6cab492, 0.0, 7, 70000.0, 2 
0xc2080fafb58e0df318a7d252376b2c1819d1cd01, 0.0, 5, 50000.0, 2 
0xd69628ca41337176a9d3eadc98a78316a1d29d92, 0.0, 5, 50000.0, 2 
0x9e49b7869a5014d6778dae92e27f2281041cc30d, 0.0, 5, 50000.0, 2 
0x22aa3f5d1daffe1a9df298e79a0cf2f98c1b92ff, 0.0, 5, 50000.0, 2 
0x85274aa563531da45af802fab72f80204373fe8b, 0.0, 9, 90000.0, 2 
0xf68c5e1770e5aa9f6f7d52250ac91412766c2ef9, 0.0, 8, 80000.0, 2 
0x86c0e7161595fc1de319b20eba78cc29bd0dc961, 0.0, 5, 50000.0, 2 
0xd42fab871e708308a178798edd7eaf63638ce519, 0.0, 5, 50000.0, 2 
0x9307547d686b2909b4c4eb932777a2d5615dece0, 0.0, 6, 60000.0, 2 
0x80c27bc18ff8b13489b697fb1e66fc39b7237fcc, 0.0, 10, 100000.0, 5 
0x26153ca3a54b0c54aeeeff9f2de50262af620118, 0.0, 6, 60000.0, 2 
0xd59e35bc7c5660ca88119d828672e31094686671, 0.0, 5, 50000.0, 2 
0x5b414b7c770c29631d60b1bb7c5b1653758d7453, 0.0, 15, 150000.0, 5 
0xc65d71d10ff40ce2038984f8b251653161923c61, 0.0, 30, 300000.0, 16 
0x0a690b298f84d12414f5c8db7de1ece5a4605877, 0.0, 8, 80000.0, 2 
0x89dc2e744824a27cf9954e65d3a8ed5348fd437d, 0.0, 12, 120000.0, 5 
0x826f63afd9517364cbebe91a859f10b102505a40, 0.0, 34, 340000.0, 16 
0xcbfaf6f71aec361905f409b9eecf8fffd7709e21, 0.0, 6, 60000.0, 2 
0xba03eca6b692532648c4da21840fb9af578147a2, 0.0, 7, 70000.0, 2 
0xb890f264b1a7591cdf9e21b3b640a741cf677ae9, 0.0, 5, 50000.0, 2 
0x16f9030fb373bb36d07753eaaff5850b849fff8e, 0.0, 10, 100000.0, 5 
0x273b15daba71c183555c14a3f092fc209c18427c, 0.0, 12, 120000.0, 5 
0x2c5e56e88be48ff89982476c17b98ae07caf16b3, 0.0, 30, 300000.0, 16 
0xd664e730a30ba89022a9ec70f5a315a487d8cd9c, 0.0, 30, 300000.0, 16 
0xd11c6e15b5847cae7d534edc274c20118b2e8016, 0.0, 12, 120000.0, 5 
0x48e1c80e888083bd94c06dd34c53a441277b9858, 0.0, 12, 120000.0, 5 
0x655d17814af0c5b0412ee7bc631c66b2c64f3ab5, 0.0, 6, 60000.0, 2 
0xd2165c20f83d6b7a2c243c49629e82a222392efe, 0.0, 17, 170000.0, 5 
0x4be9d231f3f0ea76b3cb90f9be841dfbcf7f6f7f, 0.0, 30, 300000.0, 16 
0x769ebe155dfa8b7f5ec6b1b138f4d7e741774e64, 0.0, 9, 90000.0, 2 
0xc53162b81ecf83713af3c50b19fa2f1e1bd122cd, 0.0, 6, 60000.0, 2 
0x31271a00a083acef7084abe614108e6eeb77e7ae, 0.0, 12, 120000.0, 5 
0x4dbeeb0574403c18654715453210f1435158a906, 0.0, 30, 300000.0, 16 
0x5f56a9dadcd29dec14df3de3ce426285de179b08, 0.0, 12, 120000.0, 5 
0xcc47fcbfdd6e558fb39cf5ef4d92e59890476b86, 0.0, 6, 60000.0, 2 
0xa3395917b924d23c67ee1721b58f865671fdba8d, 0.0, 12, 120000.0, 5 
0x411fef88b444d4479b6fe55127adacd6dfdff2f8, 0.0, 5, 50000.0, 2 
0xe9fb0f72eb46a34882a6b1d71e7c89d989ae987e, 0.0, 12, 120000.0, 5 
0x50f27cdb650879a41fb07038bf2b818845c20e17, 0.0, 44, 440000.0, 16 
0xb2dc3c29ac959f32dbe7312be5f81baf2289dac0, 0.0, 30, 300000.0, 16 
0xc83c6fc7ca60a6a9f1b262c00673de61d09c1203, 0.0, 12, 120000.0, 5 
0xee841da73d433a524c8016ddb3ea83010c36aa09, 0.0, 30, 300000.0, 16 
0xa78c73a48d4f1c1752886d99c1c9bca2a819b9d6, 0.0, 30, 300000.0, 16 
0xec490074831440f5aeca5df4cd19d77e7c9dd7fe, 0.0, 12, 120000.0, 5 
0x0d3e764a741607dfa62ca05a4b9d521a8d6e5069, 0.0, 30, 300000.0, 16 
0x92d963aac0812f126e0a12c5a076e9fe43b0aa09, 0.0, 12, 120000.0, 5 
0x7fcf469592d86a2e24402b0ec758e9006abf536b, 0.0, 30, 300000.0, 16 
0xe80bccefb92a9af2e2ba45c310510ec5da591819, 0.0, 30, 300000.0, 16 
0x2973c156d9e4019bcb7e65e371c4d2755bcb02e4, 0.0, 5, 50000.0, 2 
0x04899a2bba1faf90a5779aaabfc169339744c227, 0.0, 12, 120000.0, 5 
0x4eebdc68c1df0aeea5549845541c99358e87be40, 0.0, 12, 120000.0, 5 
0x7b947e2c961cbe911c954a245de07ab5da5b5aa7, 0.0, 12, 120000.0, 5 
0x35c11f1130b66537af3f8a98e9716db30085a3da, 0.0, 12, 120000.0, 5 
0xd10491b37d4a1ea1ab87ce3ad0ad82d3591acb34, 0.0, 12, 120000.0, 5 
0x5cddfbbc14277a3a59114b45596823f36301df5f, 0.0, 12, 120000.0, 5 
0x41925d216fd111c777aae60974cac2fa1a88c755, 0.0, 12, 120000.0, 5 
